{
    "10": [
        [
            0.459375,
            0.6
        ],
        [
            0.65,
            0.55
        ]
    ],
    "11": [
        [
            0.4671875,
            0.5984375
        ],
        [
            0.6484375,
            0.55
        ]
    ],
    "12": [
        [
            0.4671875,
            0.5984375
        ],
        [
            0.6453125,
            0.553125
        ]
    ],
    "13": [
        [
            0.4640625,
            0.5984375
        ],
        [
            0.64375,
            0.553125
        ]
    ],
    "14": [
        [
            0.4625,
            0.675
        ],
        [
            0.6515625,
            0.590625
        ]
    ],
    "15": [
        [
            0.459375,
            0.6
        ],
        [
            0.646875,
            0.553125
        ]
    ],
    "16": [
        [
            0.4625,
            0.6015625
        ],
        [
            0.646875,
            0.5515625
        ]
    ],
    "17": [
        [
            0.465625,
            0.6015625
        ],
        [
            0.6578125,
            0.540625
        ]
    ],
    "18": [
        [
            0.465625,
            0.5984375
        ],
        [
            0.6453125,
            0.553125
        ]
    ],
    "19": [
        [
            0.4703125,
            0.596875
        ],
        [
            0.65,
            0.5546875
        ]
    ],
    "1": [
        [
            0.4625,
            0.596875
        ],
        [
            0.6484375,
            0.5515625
        ]
    ],
    "20": [
        [
            0.2552083333333333,
            0.6129629629629629
        ],
        [
            0.47239583333333335,
            0.5675925925925925
        ]
    ],
    "21": [
        [
            0.25625,
            0.5640625
        ],
        [
            0.465625,
            0.5390625
        ]
    ],
    "22": [
        [
            0.2734375,
            0.5609375
        ],
        [
            0.4578125,
            0.5359375
        ]
    ],
    "23": [
        [
            0.2578125,
            0.5625
        ],
        [
            0.45625,
            0.5375
        ]
    ],
    "24": [
        [
            0.2515625,
            0.565625
        ],
        [
            0.4640625,
            0.5375
        ]
    ],
    "25": [
        [
            0.0640625,
            0.609375
        ],
        [
            0.4546875,
            0.56875
        ]
    ],
    "26": [
        [
            0.2546875,
            0.6171875
        ],
        [
            0.4671875,
            0.565625
        ]
    ],
    "27": [
        [
            0.25,
            0.6203125
        ],
        [
            0.4875,
            0.55625
        ]
    ],
    "28": [
        [
            0.2484375,
            0.6140625
        ],
        [
            0.503125,
            0.5609375
        ]
    ],
    "29": [
        [
            0.2578125,
            0.6125
        ],
        [
            0.4859375,
            0.55625
        ]
    ],
    "2": [
        [
            0.4640625,
            0.6
        ],
        [
            0.65,
            0.553125
        ]
    ],
    "30": [
        [
            0.2390625,
            0.6140625
        ],
        [
            0.4890625,
            0.559375
        ]
    ],
    "31": [
        [
            0.25,
            0.5671875
        ],
        [
            0.459375,
            0.5328125
        ]
    ],
    "32": [
        [
            0.25625,
            0.5609375
        ],
        [
            0.465625,
            0.5375
        ]
    ],
    "33": [
        [
            0.25,
            0.5625
        ],
        [
            0.46875,
            0.5328125
        ]
    ],
    "34": [
        [
            0.25625,
            0.5640625
        ],
        [
            0.4703125,
            0.53125
        ]
    ],
    "35": [
        [
            0.2515625,
            0.5640625
        ],
        [
            0.4703125,
            0.5375
        ]
    ],
    "36": [
        [
            0.2515625,
            0.5640625
        ],
        [
            0.4765625,
            0.534375
        ]
    ],
    "37": [
        [
            0.2546875,
            0.5625
        ],
        [
            0.4796875,
            0.534375
        ]
    ],
    "38": [
        [
            0.246875,
            0.565625
        ],
        [
            0.4703125,
            0.53125
        ]
    ],
    "39": [
        [
            0.246875,
            0.565625
        ],
        [
            0.465625,
            0.5375
        ]
    ],
    "3": [
        [
            0.4578125,
            0.596875
        ],
        [
            0.6734375,
            0.540625
        ]
    ],
    "40": [
        [
            0.2609375,
            0.5640625
        ],
        [
            0.46875,
            0.5375
        ]
    ],
    "41": [
        [
            0.253125,
            0.5671875
        ],
        [
            0.465625,
            0.5375
        ]
    ],
    "42": [
        [
            0.246875,
            0.5671875
        ],
        [
            0.4625,
            0.5359375
        ]
    ],
    "43": [
        [
            0.2484375,
            0.5828125
        ],
        [
            0.4546875,
            0.546875
        ]
    ],
    "4": [
        [
            0.44921875,
            0.60078125
        ],
        [
            0.6640625,
            0.546875
        ]
    ],
    "5": [
        [
            0.446875,
            0.6015625
        ],
        [
            0.6609375,
            0.54375
        ]
    ],
    "6": [
        [
            0.4609375,
            0.675
        ],
        [
            0.6640625,
            0.5875
        ]
    ],
    "7": [
        [
            0.4296875,
            0.675
        ],
        [
            0.7765625,
            0.5890625
        ]
    ],
    "8": [
        [
            0.4578125,
            0.6015625
        ],
        [
            0.6609375,
            0.55
        ]
    ],
    "9": [
        [
            0.453125,
            0.5984375
        ],
        [
            0.6625,
            0.54375
        ]
    ]
}